﻿Designator,Quantity,Value,Footprint,Package,MPN,DNP,Mount_Type,Populate,MANUFACTURER,MAXIMUM_PACKAGE_HEIGHT,PARTREV,STANDARD,Description,Part No,DigiKey_Part_Number,SnapEDA_Link,Check_prices,MF,MP,Description_1,Availability,Price
"BOOT, J4, J7",3,Conn_01x02,PinHeader_1x02_P1.27mm_Vertical,,,,tht,,,,,,,,,,,,,,,
"C1, C11, C13, C15, C16, C18, C20, C21, C22, C24, C25, C3, C31, C36, C5, C8",16,10uF,C_0603_1608Metric,,,,smt,,,,,,,,,,,,,,,
"C10, C17, C37, C7",4,2.2uF,C_0603_1608Metric,,,,smt,,,,,,,,,,,,,,,
"C12, C14, C2, C23, C27, C28, C29, C30, C32, C33, C34, C35, C4, C6, C9",15,0.1uF,C_0603_1608Metric,,,,smt,,,,,,,,,,,,,,,
"C19, C26",2,0.1uF,C_0402_1005Metric,,,,smt,,,,,,,,,,,,,,,
C38,1,470pF,C_0603_1608Metric,,,,smt,,,,,,,,,,,,,,,
C39,1,47nF,C_0603_1608Metric,,,,smt,,,,,,,,,,,,,,,
D1,1,SS34,D_SMA,,,,smt,Yes,,,,,,,,,,,,,,
D2,1,SMAJ5.0A,D_SMA,,,,smt,,,,,,,,,,,,,,,
"D3, D4",2,1N4148,D_SOD-323,,,,smt,Yes,,,,,,,,,,,,,,
D5,1,LED,LED_0402_1005Metric,,,,smt,,,,,,,,,,,,,,,
J1,1,SJ2-3574A-SMT-TR,CUI_SJ2-3574A-SMT-TR,,,,smt,,CUI,5.3 mm,1.02,Manufacturer Recommendations,,,,,,,,,,
J10,1,Conn_01x03,PinHeader_1x03_P1.27mm_Vertical,,,,tht,,,,,,"Generic connector, single row, 01x03, script generated (kicad-library-utils/schlib/autogen/connector/)",,,,,,,,,
J2,1,Conn_01x03,jst 1.25 3 pole,,,,tht,,,,,,,,,,,,,,,
J3,1,Conn_01x05,JST-5P_1.25mm,,,,tht,,,,,,,,,,,,,,,
J5,1,Conn_01x13,JST_GH_SM13B-GHS-TB_1x13-1MP_P1.25mm_Horizontal,,,,smt,,,,,,,,,,,,,,,
J6,1,Conn_01x03_Pin,PinHeader_1x03_P2.00mm_Vertical,,,,tht,,,,,,,,,,,,,,,
J8,1,Conn_01x05,JST_PH_B5B-PH-K_1x05_P2.00mm_Vertical,,,,tht,,,,,,,,,,,,,,,
J9,1,1051620001,105162-0001_MOL,,,,smt,,,,,,,,,,,,,,,
L1,1,SRN8040-100M_INDUC,IND_IHLP-2525CZ-01_VIS-M,,,,smt,,,,,,,,,,,,,,,
L2,1,2.2uH,IND_IHLP-2525CZ-01_VIS-M,,,,smt,,,,,,,,,,,,,,,
L3,1,2.2uH,L_Abracon_ASPI-0630LR,,,,smt,,,,,,,,,,,,,,,
"Q2, Q3, Q5, Q6",4,SI2304,SOT-23,,,,smt,Yes,,,,,,SI2304DDS-T1-GE3,,,,,,,,
Q4,1,Si2301,SOT-23,,,,smt,Yes,,,,,,,,,,,,,,
"R1, R2, R34",3,470E,R_0402_1005Metric,,,,smt,,,,,,,,,,,,,,,
"R11, R14",2,100E,R_0402_1005Metric,,,,smt,,,,,,,,,,,,,,,
"R12, R13, R15, R16, R17, R18, R19, R20, R21, R22, R23, R24, R25, R26, R28, R29, R31, R33, R35, R36, R4, R41, R45, R46",24,10K,R_0402_1005Metric,,,,smt,,,,,,,RC0603JR-0710KL,,,,,,,,
R27,1,200K,R_0402_1005Metric,,,,smt,,,,,,,,,,,,,,,
"R3, R47",2,0E,R_0402_1005Metric,,,,smt,,,,,,,,,,,,,,,
R30,1,220E,R_0402_1005Metric,,,,smt,,,,,,,,,,,,,,,
R32,1,220K,R_0402_1005Metric,,,,smt,,,,,,,,,,,,,,,
"R37, R38, R39",3,300E,R_0402_1005Metric,,,,smt,,,,,,,,,,,,,,,
R42,1,20K,R_0402_1005Metric,,,,smt,,,,,,,,,,,,,,,
R43,1,560K,R_0402_1005Metric,,,,smt,,,,,,,,,,,,,,,
R44,1,200k,R_0402_1005Metric,,,,smt,,,,,,,,,,,,,,,
SW1,1,SW_SPST,4312560587X6,,,,tht,,,,,,,,,,,,,,,
U1,1,PCM5102A,TSSOP-20_4.4x6.5mm_P0.65mm,,,,smt,,,,,,,,,,,,,,,
U2,1,BQ25306RTER,IC_BQ25306RTER,WFQFN-16 Texas Instruments,,,smt,,Texas Instruments,0.8mm,A,Manufacturer Recommendations,,,296-BQ25306RTERTR-ND,https://www.snapeda.com/parts/BQ25306RTER/Texas+Instruments/view-part/?ref=snap,https://www.snapeda.com/parts/BQ25306RTER/Texas+Instruments/view-part/?ref=eda,Texas Instruments,BQ25306RTER,"Standalone 17-V, 3A 1-2 cell buck battery charger",,
"U3, U4",2,TPS63001DRCR,TPS63000DRCR,,,,smt,,Texas Instruments,,OCT 2015,Manufacturer Recommendation,,,,,,,,,,
U5,1,ESP32-S3-WROOM,ESP32-S3-WROOM1-N4R2,,,,smt,,Espressif,3.25mm,v1.0,Manufacturer Recommendations,,,,,,,,,,
U6,1,ESP32-WROVER-IE-N16R8,XCVR_ESP32-WROVER,None,,,smt,,Espressif Systems,3.4mm,2.2,Manufacturer Recommendations,"
Bluetooth, WiFi 802.11b/g/n, Bluetooth v4.2 +EDR, Class 1, 2 and 3 Transceiver Module 2.4GHz ~ 2.5GHz Antenna Not Included, I-PEX Surface Mount
",,,https://www.snapeda.com/parts/ESP32-WROVER/Espressif+Systems/view-part/?ref=snap,https://www.snapeda.com/parts/ESP32-WROVER/Espressif+Systems/view-part/?ref=eda,Espressif Systems,ESP32-WROVER,,In Stock,None
