﻿designator,quantity,value,pack,mpn,mount_type
"C1, C11, C13, C15, C16, C18, C21, C22, C24, C25, C3, C31, C5, C8",14,10uF,C_0603_1608Metric,,smt
"C10, C17, C20, C7",4,2.2uF,C_0603_1608Metric,,smt
"C12, C14, C2, C23, C27, C28, C29, C30, C32, C33, C34, C35, C4, C6, C9",15,0.1uF,C_0603_1608Metric,,smt
"C19, C26",2,0.1uF,C_0402_1005Metric,,smt
D1,1,SS34,D_SMA,,smt
D2,1,SMAJ5.0A,D_SMA,,smt
"D3, D4",2,SS34,D_SOD-323,,smt
D5,1,LED,LED_0402_1005Metric,,smt
J1,1,SJ2-3574A-SMT-TR,CUI_SJ2-3574A-SMT-TR,,smt
"J10, J4, J7",3,Conn_01x02,PinHeader_1x02_P1.27mm_Vertical,,tht
J2,1,Conn_01x03,jst 1.25 3 pole,,tht
J3,1,Conn_01x05,JST-5P_1.25mm,,tht
J5,1,Conn_01x13,JST_GH_SM13B-GHS-TB_1x13-1MP_P1.25mm_Horizontal,,smt
J6,1,Conn_01x03_Pin,PinHeader_1x03_P2.00mm_Vertical,,tht
J8,1,Conn_01x05,JST_PH_B5B-PH-K_1x05_P2.00mm_Vertical,,tht
J9,1,1051620001,105162-0001_MOL,,smt
L1,1,SRN8040-100M_INDUC,IND_IHLP-2525CZ-01_VIS-M,,smt
L2,1,2.2uH,IND_IHLP-2525CZ-01_VIS-M,,smt
"Q1, Q2, Q3, Q5, Q6",5,SI2304,SOT-23,,smt
Q4,1,Si2301,SOT-23,,smt
"R1, R2, R34",3,470E,R_0402_1005Metric,,smt
R10,1,270E,R_0402_1005Metric,,smt
"R11, R14",2,100E,R_0402_1005Metric,,smt
"R12, R13, R15, R16, R17, R18, R19, R20, R21, R22, R23, R24, R25, R26, R28, R29, R31, R35, R36, R4, R5, R7, R9",23,10K,R_0402_1005Metric,,smt
R27,1,200K,R_0402_1005Metric,,smt
R3,1,0E,R_0402_1005Metric,,smt
R30,1,220E,R_0402_1005Metric,,smt
R32,1,220K,R_0402_1005Metric,,smt
R33,1,100K,R_0402_1005Metric,,smt
R6,1,1K,R_0402_1005Metric,,smt
R8,1,560E,R_0402_1005Metric,,smt
SW1,1,SW_SPST,4312560587X6,,tht
U1,1,PCM5102A,TSSOP-20_4.4x6.5mm_P0.65mm,,smt
U2,1,BQ21040DBVR,SOT-23-6,,smt
"U3, U4",2,TPS63001DRCR,TPS63000DRCR,,smt
U5,1,ESP32-S3-WROOM,ESP32-S3-WROOM1-N4R2,,smt
U6,1,ESP32-WROVER-IE-N16R8 ,XCVR_ESP32-WROVER,,smt
